Classe d'âge;Hommes;Femmes
0-17;11.81801973;11.25936051
18-64;25.46653988;29.48314117
65+;7.122905028;14.85003368
