Classe d'âge,Hommes,Femmes
0-17,23.58818952,21.82726565
18-64,22.73229862,23.9690405
65+,2.883000942,5.000204759
