Classe d'âge,Hommes,Femmes
0-17,8.841712797,8.678118283
18-64,24.21008579,31.64032034
65+,8.43082425,18.19893854
