Classe d'âge;Hommes;Femmes
0-17;8.571834051;8.261980226
18-64;28.50418657;29.12507687
65+;9.512039359;16.02488292
