Classe d'âge;Hommes;Femmes
0-17;10.84615385;10.46011396
18-64;25.96533713;29.41168091
65+;9.011870845;14.3048433
