Classe d'âge,Hommes,Femmes
0-17,5.637733743,5.312122058
18-64,27.53744534,18.99711601
65+,31.06335473,11.45222811
