Classe d'âge;Hommes;Femmes
0-17;10.66204754;10.19622406
18-64;26.14853128;29.01520247
65+;9.414448632;14.56354602
